episode_ts,release_time_server,entry_ts,entry_time_server,direction,head_a,head_p,head_rp,head_diff,head_f,core_a,core_p,core_rp,core_diff,core_f,entry_price,atr14,risk_pips,sl_price,tp_price,exit_ts,exit_time_server,exit_price,exit_reason,gross_pnl_pips,gross_r_multiple,bars_held,ambiguous_flag,co_releases
1421425800,2015.01.16 16:30:00,1421427600,2015.01.16 17:00:00,LONG,-0.4,-0.3,,-0.1,,0.0,0.1,,-0.1,,1.15497,0.00236,23.6,1.15261,1.15851,1421427600,2015.01.16 17:00:00,1.15261,STOP,-23.6,-1.00,1,False,CPI y/y (840030007); Core CPI y/y (840030008); CPI n.s.a. (840030009); Core CPI (840030010); Real Earnings m/m (840030030); CPI n.s.a. m/m (840030033); Core CPI n.s.a. m/m (840030034); CPI (840030035); Core CPI n.s.a. (840030036)
1439998200,2015.08.19 15:30:00,1440000000,2015.08.19 16:00:00,LONG,0.1,0.3,,-0.2,,0.1,0.2,,-0.1,,1.10366,0.00121,12.1,1.10245,1.10548,1440000000,2015.08.19 16:00:00,1.10245,STOP,-12.1,-1.00,1,False,CPI y/y (840030007); Core CPI y/y (840030008); CPI n.s.a. (840030009); Core CPI (840030010); Real Earnings m/m (840030030); CPI n.s.a. m/m (840030033); Core CPI n.s.a. m/m (840030034); CPI (840030035); Core CPI n.s.a. (840030036)
1453307400,2016.01.20 16:30:00,1453309200,2016.01.20 17:00:00,LONG,-0.1,0.0,,-0.1,,0.1,0.2,,-0.1,,1.09089,0.00213,21.3,1.08876,1.09409,1453323600,2016.01.20 21:00:00,1.08876,STOP,-21.3,-1.00,5,False,Housing Starts (840020004); Building Permits (840020005); Building Permits m/m (840020016); CPI y/y (840030007); Core CPI y/y (840030008); CPI n.s.a. (840030009); Core CPI (840030010); Real Earnings m/m (840030030); CPI n.s.a. m/m (840030033); Core CPI n.s.a. m/m (840030034); CPI (840030035); Core CPI n.s.a. (840030036); Manufacturing Sales m/m (124010029); Wholesale Trade m/m (124010031)
1455899400,2016.02.19 16:30:00,1455901200,2016.02.19 17:00:00,SHORT,0.0,-0.1,,0.1,,0.3,0.1,,0.2,,1.11015,0.00180,18.0,1.11195,1.10746,1455904800,2016.02.19 18:00:00,1.11195,STOP,-18.0,-1.00,2,False,CPI y/y (840030007); Core CPI y/y (840030008); CPI n.s.a. (840030009); Core CPI (840030010); Real Earnings m/m (840030030); CPI n.s.a. m/m (840030033); Core CPI n.s.a. m/m (840030034); CPI (840030035); Core CPI n.s.a. (840030036); CPI m/m (124010003); CPI y/y (124010004); Core CPI m/m (124010005); Core CPI y/y (124010006); Retail Sales m/m (124010007); Core Retail Sales m/m (124010008)
1463499000,2016.05.17 15:30:00,1463500800,2016.05.17 16:00:00,SHORT,0.4,0.1,,0.3,,0.2,0.1,,0.1,,1.13108,0.00104,10.4,1.13212,1.12951,1463500800,2016.05.17 16:00:00,1.13212,STOP,-10.4,-1.00,1,False,Housing Starts (840020004); Building Permits (840020005); Building Permits m/m (840020016); CPI y/y (840030007); Core CPI y/y (840030008); CPI n.s.a. (840030009); Core CPI (840030010); Real Earnings m/m (840030030); CPI n.s.a. m/m (840030033); Core CPI n.s.a. m/m (840030034); CPI (840030035); Core CPI n.s.a. (840030036); Manufacturing Sales m/m (124010029)
1471361400,2016.08.16 15:30:00,1471363200,2016.08.16 16:00:00,LONG,0.0,0.2,,-0.2,,0.1,0.2,,-0.1,,1.12785,0.00161,16.1,1.12624,1.13027,1471363200,2016.08.16 16:00:00,1.12624,STOP,-16.1,-1.00,1,False,Housing Starts (840020004); Building Permits (840020005); Building Permits m/m (840020016); CPI y/y (840030007); Core CPI y/y (840030008); CPI n.s.a. (840030009); Core CPI (840030010); Real Earnings m/m (840030030); CPI n.s.a. m/m (840030033); Core CPI n.s.a. m/m (840030034); CPI (840030035); Core CPI n.s.a. (840030036); Manufacturing Sales m/m (124010029)
1474039800,2016.09.16 15:30:00,1474041600,2016.09.16 16:00:00,SHORT,0.2,0.0,,0.2,,0.3,0.1,,0.2,,1.11843,0.00078,7.8,1.11921,1.11726,1474041600,2016.09.16 16:00:00,1.11726,TARGET,+11.7,+1.50,1,False,CPI y/y (840030007); Core CPI y/y (840030008); CPI n.s.a. (840030009); Core CPI (840030010); Real Earnings m/m (840030030); CPI n.s.a. m/m (840030033); Core CPI n.s.a. m/m (840030034); CPI (840030035); Core CPI n.s.a. (840030036); Foreign Securities Purchases (124010019); Foreign Securities Purchases by Canadians (124010020); Manufacturing Sales m/m (124010029)
1505403000,2017.09.14 15:30:00,1505404800,2017.09.14 16:00:00,SHORT,0.4,0.1,0.1,0.3,0.0,0.2,0.1,0.1,0.1,0.1,1.18924,0.00136,13.6,1.19060,1.18720,1505404800,2017.09.14 16:00:00,1.18720,TARGET,+20.4,+1.50,1,False,CPI y/y (840030007); Core CPI y/y (840030008); CPI n.s.a. (840030009); Core CPI (840030010); Real Earnings m/m (840030030); CPI n.s.a. m/m (840030033); Core CPI n.s.a. m/m (840030034); CPI (840030035); Core CPI n.s.a. (840030036); Initial Jobless Claims (840140001); Continuing Jobless Claims (840140002); Initial Jobless Claims 4-Week Average (840140003); New Housing Price Index m/m (124010030)
1520955000,2018.03.13 15:30:00,1520956800,2018.03.13 16:00:00,LONG,0.2,0.5,,-0.3,0.1,0.2,0.3,,-0.1,0.1,1.23684,0.00144,14.4,1.23540,1.23900,1520956800,2018.03.13 16:00:00,1.23540,STOP,-14.4,-1.00,1,False,CPI y/y (840030007); Core CPI y/y (840030008); CPI n.s.a. (840030009); Core CPI (840030010); Real Earnings m/m (840030030); CPI n.s.a. m/m (840030033); Core CPI n.s.a. m/m (840030034); CPI (840030035); Core CPI n.s.a. (840030036); Spring Forecast Statement (826100003)
1542213000,2018.11.14 16:30:00,1542214800,2018.11.14 17:00:00,SHORT,0.3,0.1,,0.2,0.2,0.2,0.1,,0.1,0.2,1.13331,0.00143,14.3,1.13474,1.13116,1542214800,2018.11.14 17:00:00,1.13116,TARGET,+21.5,+1.50,1,False,CPI y/y (840030007); Core CPI y/y (840030008); CPI n.s.a. (840030009); Core CPI (840030010); Real Earnings m/m (840030030); CPI n.s.a. m/m (840030033); Core CPI n.s.a. m/m (840030034); CPI (840030035); Core CPI n.s.a. (840030036)
1570721400,2019.10.10 15:30:00,1570723200,2019.10.10 16:00:00,LONG,0.0,0.1,,-0.1,0.1,0.1,0.3,,-0.2,0.2,1.10228,0.00104,10.4,1.10124,1.10384,1570726800,2019.10.10 17:00:00,1.10124,STOP,-10.4,-1.00,2,False,CPI y/y (840030007); Core CPI y/y (840030008); CPI n.s.a. (840030009); Core CPI (840030010); Real Earnings m/m (840030030); CPI n.s.a. m/m (840030033); Core CPI n.s.a. m/m (840030034); CPI (840030035); Core CPI n.s.a. (840030036); Initial Jobless Claims (840140001); Continuing Jobless Claims (840140002); Initial Jobless Claims 4-Week Average (840140003); New Housing Price Index m/m (124010030)
1573662600,2019.11.13 16:30:00,1573664400,2019.11.13 17:00:00,SHORT,0.4,0.0,,0.4,0.1,0.2,0.1,,0.1,0.2,1.10119,0.00067,6.7,1.10186,1.10018,1573668000,2019.11.13 18:00:00,1.10018,TARGET,+10.1,+1.50,2,False,CPI y/y (840030007); Core CPI y/y (840030008); CPI n.s.a. (840030009); Core CPI (840030010); Real Earnings m/m (840030030); CPI n.s.a. m/m (840030033); Core CPI n.s.a. m/m (840030034); CPI (840030035); Core CPI n.s.a. (840030036)
1579019400,2020.01.14 16:30:00,1579021200,2020.01.14 17:00:00,LONG,0.2,0.3,,-0.1,0.2,0.1,0.2,,-0.1,0.2,1.11214,0.00075,7.5,1.11139,1.11326,1579021200,2020.01.14 17:00:00,1.11139,STOP,-7.5,-1.00,1,False,CPI y/y (840030007); Core CPI y/y (840030008); CPI n.s.a. (840030009); Core CPI (840030010); Real Earnings m/m (840030030); CPI n.s.a. m/m (840030033); Core CPI n.s.a. m/m (840030034); CPI (840030035); Core CPI n.s.a. (840030036)
1586532600,2020.04.10 15:30:00,1586534400,2020.04.10 16:00:00,LONG,-0.4,0.1,,-0.5,0.1,-0.1,0.2,,-0.3,0.2,1.09422,0.00103,10.3,1.09319,1.09576,1586548800,2020.04.10 20:00:00,1.09319,STOP,-10.3,-1.00,5,False,CPI y/y (840030007); Core CPI y/y (840030008); CPI n.s.a. (840030009); Core CPI (840030010); Real Earnings m/m (840030030); CPI n.s.a. m/m (840030033); Core CPI n.s.a. m/m (840030034); CPI (840030035); Core CPI n.s.a. (840030036)
1589297400,2020.05.12 15:30:00,1589299200,2020.05.12 16:00:00,LONG,-0.8,-0.4,,-0.4,0.0,-0.4,-0.1,,-0.3,0.2,1.08589,0.00133,13.3,1.08456,1.08788,1589299200,2020.05.12 16:00:00,1.08788,TARGET,+19.9,+1.50,1,False,CPI y/y (840030007); Core CPI y/y (840030008); CPI n.s.a. (840030009); Core CPI (840030010); Real Earnings m/m (840030030); CPI n.s.a. m/m (840030033); Core CPI n.s.a. m/m (840030034); CPI (840030035); Core CPI n.s.a. (840030036)
1591803000,2020.06.10 15:30:00,1591804800,2020.06.10 16:00:00,SHORT,-0.1,-0.8,,0.7,-0.2,-0.1,-0.4,,0.3,-0.2,1.13797,0.00144,14.4,1.13941,1.13581,1591808400,2020.06.10 17:00:00,1.13581,TARGET,+21.6,+1.50,2,False,CPI y/y (840030007); Core CPI y/y (840030008); CPI n.s.a. (840030009); Core CPI (840030010); Real Earnings m/m (840030030); CPI n.s.a. m/m (840030033); Core CPI n.s.a. m/m (840030034); CPI (840030035); Core CPI n.s.a. (840030036)
1594740600,2020.07.14 15:30:00,1594742400,2020.07.14 16:00:00,SHORT,0.6,-0.1,,0.7,-0.2,0.2,-0.1,,0.3,0.1,1.13715,0.00128,12.8,1.13843,1.13523,1594742400,2020.07.14 16:00:00,1.13843,STOP,-12.8,-1.00,1,False,CPI y/y (840030007); Core CPI y/y (840030008); CPI n.s.a. (840030009); Core CPI (840030010); Real Earnings m/m (840030030); CPI n.s.a. m/m (840030033); Core CPI n.s.a. m/m (840030034); CPI (840030035); Core CPI n.s.a. (840030036)
1599838200,2020.09.11 15:30:00,1599840000,2020.09.11 16:00:00,LONG,0.4,0.6,,-0.2,0.6,0.4,0.6,,-0.2,0.4,1.18463,0.00127,12.7,1.18336,1.18654,1599843600,2020.09.11 17:00:00,1.18336,STOP,-12.7,-1.00,2,False,CPI y/y (840030007); Core CPI y/y (840030008); CPI n.s.a. (840030009); Core CPI (840030010); Real Earnings m/m (840030030); CPI n.s.a. m/m (840030033); Core CPI n.s.a. m/m (840030034); CPI (840030035); Core CPI n.s.a. (840030036); ECB Executive Board Member Schnabel Speech (999010033); Capacity Utilization Rate (124010002)
1602603000,2020.10.13 15:30:00,1602604800,2020.10.13 16:00:00,LONG,0.2,0.4,,-0.2,0.5,0.2,0.4,,-0.2,0.2,1.17910,0.00097,9.7,1.17813,1.18056,1602604800,2020.10.13 16:00:00,1.17813,STOP,-9.7,-1.00,1,False,CPI y/y (840030007); Core CPI y/y (840030008); CPI n.s.a. (840030009); Core CPI (840030010); Real Earnings m/m (840030030); CPI n.s.a. m/m (840030033); Core CPI n.s.a. m/m (840030034); CPI (840030035); Core CPI n.s.a. (840030036)
1605198600,2020.11.12 16:30:00,1605200400,2020.11.12 17:00:00,LONG,0.0,0.2,,-0.2,0.2,0.0,0.2,,-0.2,0.2,1.17965,0.00145,14.5,1.17820,1.18182,1605261600,2020.11.13 10:00:00,1.18182,TARGET,+21.7,+1.50,18,False,CPI y/y (840030007); Core CPI y/y (840030008); CPI n.s.a. (840030009); Core CPI (840030010); Real Earnings m/m (840030030); CPI n.s.a. m/m (840030033); Core CPI n.s.a. m/m (840030034); CPI (840030035); Core CPI n.s.a. (840030036); Initial Jobless Claims (840140001); Continuing Jobless Claims (840140002); Initial Jobless Claims 4-Week Average (840140003)
1607617800,2020.12.10 16:30:00,1607619600,2020.12.10 17:00:00,SHORT,0.2,0.0,,0.2,0.0,0.2,0.0,,0.2,0.0,1.21518,0.00142,14.2,1.21660,1.21305,1607619600,2020.12.10 17:00:00,1.21305,TARGET,+21.3,+1.50,1,False,CPI y/y (840030007); Core CPI y/y (840030008); CPI n.s.a. (840030009); Core CPI (840030010); Real Earnings m/m (840030030); CPI n.s.a. m/m (840030033); Core CPI n.s.a. m/m (840030034); CPI (840030035); Core CPI n.s.a. (840030036); Initial Jobless Claims (840140001); Continuing Jobless Claims (840140002); Initial Jobless Claims 4-Week Average (840140003); ECB Monetary Policy Press Conference (999010003)
1612974600,2021.02.10 16:30:00,1612976400,2021.02.10 17:00:00,LONG,0.3,0.4,0.2,-0.1,0.2,0.0,0.1,0.0,-0.1,0.4,1.21239,0.00111,11.1,1.21128,1.21405,1613055600,2021.02.11 15:00:00,1.21405,TARGET,+16.6,+1.50,23,False,CPI y/y (840030007); Core CPI y/y (840030008); CPI n.s.a. (840030009); Core CPI (840030010); Real Earnings m/m (840030030); CPI n.s.a. m/m (840030033); Core CPI n.s.a. m/m (840030034); CPI (840030035); Core CPI n.s.a. (840030036)
1615393800,2021.03.10 16:30:00,1615395600,2021.03.10 17:00:00,SHORT,0.4,0.3,,0.1,0.4,0.1,0.0,,0.1,-0.1,1.19126,0.00125,12.5,1.19251,1.18938,1615395600,2021.03.10 17:00:00,1.18938,TARGET,+18.8,+1.50,1,False,CPI y/y (840030007); Core CPI y/y (840030008); CPI n.s.a. (840030009); Core CPI (840030010); Real Earnings m/m (840030030); CPI n.s.a. m/m (840030033); Core CPI n.s.a. m/m (840030034); CPI (840030035); Core CPI n.s.a. (840030036)
1618327800,2021.04.13 15:30:00,1618329600,2021.04.13 16:00:00,SHORT,0.6,0.4,,0.2,0.4,0.3,0.1,,0.2,0.3,1.19242,0.00098,9.8,1.19340,1.19094,1618329600,2021.04.13 16:00:00,1.19340,STOP,-9.8,-1.00,1,False,CPI y/y (840030007); Core CPI y/y (840030008); CPI n.s.a. (840030009); Core CPI (840030010); Real Earnings m/m (840030030); CPI n.s.a. m/m (840030033); Core CPI n.s.a. m/m (840030034); CPI (840030035); Core CPI n.s.a. (840030036)
1620833400,2021.05.12 15:30:00,1620835200,2021.05.12 16:00:00,SHORT,0.8,0.6,,0.2,0.2,0.9,0.3,,0.6,0.0,1.21295,0.00105,10.5,1.21400,1.21137,1620835200,2021.05.12 16:00:00,1.21400,STOP,-10.5,-1.00,1,True,CPI y/y (840030007); Core CPI y/y (840030008); CPI n.s.a. (840030009); Core CPI (840030010); Real Earnings m/m (840030030); CPI n.s.a. m/m (840030033); Core CPI n.s.a. m/m (840030034); CPI (840030035); Core CPI n.s.a. (840030036)
1623339000,2021.06.10 15:30:00,1623340800,2021.06.10 16:00:00,LONG,0.6,0.8,,-0.2,0.3,0.7,0.9,,-0.2,1.0,1.21867,0.00092,9.2,1.21775,1.22005,1623340800,2021.06.10 16:00:00,1.21775,STOP,-9.2,-1.00,1,False,CPI y/y (840030007); Core CPI y/y (840030008); CPI n.s.a. (840030009); Core CPI (840030010); Real Earnings m/m (840030030); CPI n.s.a. m/m (840030033); Core CPI n.s.a. m/m (840030034); CPI (840030035); Core CPI n.s.a. (840030036); Initial Jobless Claims (840140001); Continuing Jobless Claims (840140002); Initial Jobless Claims 4-Week Average (840140003); ECB Monetary Policy Press Conference (999010003)
1626190200,2021.07.13 15:30:00,1626192000,2021.07.13 16:00:00,SHORT,0.9,0.6,,0.3,0.1,0.9,0.7,,0.2,0.4,1.17984,0.00097,9.7,1.18081,1.17839,1626192000,2021.07.13 16:00:00,1.18081,STOP,-9.7,-1.00,1,False,CPI y/y (840030007); Core CPI y/y (840030008); CPI n.s.a. (840030009); Core CPI (840030010); Real Earnings m/m (840030030); CPI n.s.a. m/m (840030033); Core CPI n.s.a. m/m (840030034); CPI (840030035); Core CPI n.s.a. (840030036)
1628695800,2021.08.11 15:30:00,1628697600,2021.08.11 16:00:00,LONG,0.5,0.9,,-0.4,0.4,0.3,0.9,,-0.6,1.2,1.17344,0.00072,7.2,1.17272,1.17452,1628697600,2021.08.11 16:00:00,1.17272,STOP,-7.2,-1.00,1,False,CPI y/y (840030007); Core CPI y/y (840030008); CPI n.s.a. (840030009); Core CPI (840030010); Real Earnings m/m (840030030); CPI n.s.a. m/m (840030033); Core CPI n.s.a. m/m (840030034); CPI (840030035); Core CPI n.s.a. (840030036)
1631633400,2021.09.14 15:30:00,1631635200,2021.09.14 16:00:00,LONG,0.3,0.5,,-0.2,0.4,0.1,0.3,,-0.2,0.3,1.18412,0.00085,8.5,1.18327,1.18540,1631635200,2021.09.14 16:00:00,1.18327,STOP,-8.5,-1.00,1,False,CPI y/y (840030007); Core CPI y/y (840030008); CPI n.s.a. (840030009); Core CPI (840030010); Real Earnings m/m (840030030); CPI n.s.a. m/m (840030033); Core CPI n.s.a. m/m (840030034); CPI (840030035); Core CPI n.s.a. (840030036); Manufacturing Sales m/m (124010029)
1634139000,2021.10.13 15:30:00,1634140800,2021.10.13 16:00:00,SHORT,0.4,0.3,,0.1,0.4,0.2,0.1,,0.1,0.2,1.15425,0.00073,7.3,1.15498,1.15315,1634140800,2021.10.13 16:00:00,1.15498,STOP,-7.3,-1.00,1,False,CPI y/y (840030007); Core CPI y/y (840030008); CPI n.s.a. (840030009); Core CPI (840030010); Real Earnings m/m (840030030); CPI n.s.a. m/m (840030033); Core CPI n.s.a. m/m (840030034); CPI (840030035); Core CPI n.s.a. (840030036)
1636561800,2021.11.10 16:30:00,1636563600,2021.11.10 17:00:00,SHORT,0.9,0.4,,0.5,0.5,0.6,0.2,,0.4,0.5,1.15609,0.00129,12.9,1.15738,1.15416,1636563600,2021.11.10 17:00:00,1.15416,TARGET,+19.3,+1.50,1,False,CPI y/y (840030007); Core CPI y/y (840030008); CPI n.s.a. (840030009); Core CPI (840030010); Real Earnings m/m (840030030); CPI n.s.a. m/m (840030033); Core CPI n.s.a. m/m (840030034); CPI (840030035); Core CPI n.s.a. (840030036); Initial Jobless Claims (840140001); Continuing Jobless Claims (840140002); Initial Jobless Claims 4-Week Average (840140003)
1639153800,2021.12.10 16:30:00,1639155600,2021.12.10 17:00:00,LONG,0.8,0.9,,-0.1,0.5,0.5,0.6,,-0.1,1.0,1.12856,0.00113,11.3,1.12743,1.13026,1639155600,2021.12.10 17:00:00,1.13026,TARGET,+17.0,+1.50,1,False,CPI y/y (840030007); Core CPI y/y (840030008); CPI n.s.a. (840030009); Core CPI (840030010); Real Earnings m/m (840030030); CPI n.s.a. m/m (840030033); Core CPI n.s.a. m/m (840030034); CPI (840030035); Core CPI n.s.a. (840030036); Capacity Utilization Rate (124010002)
1657726200,2022.07.13 15:30:00,1657728000,2022.07.13 16:00:00,SHORT,1.3,1.0,,0.3,0.8,0.7,0.6,,0.1,0.5,1.00199,0.00183,18.3,1.00382,0.99924,1657728000,2022.07.13 16:00:00,1.00382,STOP,-18.3,-1.00,1,False,CPI y/y (840030007); Core CPI y/y (840030008); CPI n.s.a. (840030009); Core CPI (840030010); Real Earnings m/m (840030030); CPI n.s.a. m/m (840030033); Core CPI n.s.a. m/m (840030034); CPI (840030035); Core CPI n.s.a. (840030036)
1660145400,2022.08.10 15:30:00,1660147200,2022.08.10 16:00:00,LONG,0.0,1.3,,-1.3,0.9,0.3,0.7,,-0.4,0.6,1.03240,0.00116,11.6,1.03124,1.03414,1660147200,2022.08.10 16:00:00,1.03124,STOP,-11.6,-1.00,1,False,CPI y/y (840030007); Core CPI y/y (840030008); CPI n.s.a. (840030009); Core CPI (840030010); Real Earnings m/m (840030030); CPI n.s.a. m/m (840030033); Core CPI n.s.a. m/m (840030034); CPI (840030035); Core CPI n.s.a. (840030036)
1663083000,2022.09.13 15:30:00,1663084800,2022.09.13 16:00:00,SHORT,0.1,0.0,,0.1,0.6,0.6,0.3,,0.3,0.6,1.00368,0.00153,15.3,1.00521,1.00139,1663084800,2022.09.13 16:00:00,1.00139,TARGET,+22.9,+1.50,1,False,CPI y/y (840030007); Core CPI y/y (840030008); CPI n.s.a. (840030009); Core CPI (840030010); Real Earnings m/m (840030030); CPI n.s.a. m/m (840030033); Core CPI n.s.a. m/m (840030034); CPI (840030035); Core CPI n.s.a. (840030036)
1670949000,2022.12.13 16:30:00,1670950800,2022.12.13 17:00:00,LONG,0.1,0.4,,-0.3,0.5,0.2,0.3,,-0.1,0.6,1.06448,0.00221,22.1,1.06227,1.06780,1670950800,2022.12.13 17:00:00,1.06227,STOP,-22.1,-1.00,1,False,CPI y/y (840030007); Core CPI y/y (840030008); CPI n.s.a. (840030009); Core CPI (840030010); Real Earnings m/m (840030030); CPI n.s.a. m/m (840030033); Core CPI n.s.a. m/m (840030034); CPI (840030035); Core CPI n.s.a. (840030036)
1676392200,2023.02.14 16:30:00,1676394000,2023.02.14 17:00:00,SHORT,0.5,-0.1,0.1,0.6,0.3,0.4,0.3,0.4,0.1,0.5,1.07517,0.00179,17.9,1.07696,1.07249,1676394000,2023.02.14 17:00:00,1.07696,STOP,-17.9,-1.00,1,True,CPI y/y (840030007); Core CPI y/y (840030008); CPI n.s.a. (840030009); Core CPI (840030010); Real Earnings m/m (840030030); CPI n.s.a. m/m (840030033); Core CPI n.s.a. m/m (840030034); CPI (840030035); Core CPI n.s.a. (840030036)
1681313400,2023.04.12 15:30:00,1681315200,2023.04.12 16:00:00,LONG,0.1,0.4,,-0.3,0.2,0.4,0.5,,-0.1,0.5,1.09635,0.00103,10.3,1.09532,1.09790,1681315200,2023.04.12 16:00:00,1.09790,TARGET,+15.5,+1.50,1,False,CPI y/y (840030007); Core CPI y/y (840030008); CPI n.s.a. (840030009); Core CPI (840030010); Real Earnings m/m (840030030); CPI n.s.a. m/m (840030033); Core CPI n.s.a. m/m (840030034); CPI (840030035); Core CPI n.s.a. (840030036); ECB Vice President de Guindos Speech (999010014)
1694619000,2023.09.13 15:30:00,1694620800,2023.09.13 16:00:00,SHORT,0.6,0.2,,0.4,0.2,0.3,0.2,,0.1,0.4,1.07473,0.00104,10.4,1.07577,1.07317,1694620800,2023.09.13 16:00:00,1.07317,TARGET,+15.6,+1.50,1,False,CPI y/y (840030007); Core CPI y/y (840030008); CPI n.s.a. (840030009); Core CPI (840030010); Real Earnings m/m (840030030); CPI n.s.a. m/m (840030033); Core CPI n.s.a. m/m (840030034); CPI (840030035); Core CPI n.s.a. (840030036)
1699979400,2023.11.14 16:30:00,1699981200,2023.11.14 17:00:00,LONG,0.0,0.4,,-0.4,0.2,0.2,0.3,,-0.1,0.3,1.08329,0.00145,14.5,1.08184,1.08547,1699984800,2023.11.14 18:00:00,1.08547,TARGET,+21.8,+1.50,2,False,CPI y/y (840030007); Core CPI y/y (840030008); CPI n.s.a. (840030009); Core CPI (840030010); Real Earnings m/m (840030030); CPI n.s.a. m/m (840030033); Core CPI n.s.a. m/m (840030034); CPI (840030035); Core CPI n.s.a. (840030036)
1702398600,2023.12.12 16:30:00,1702400400,2023.12.12 17:00:00,SHORT,0.1,0.0,,0.1,0.2,0.3,0.2,,0.1,0.3,1.07740,0.00129,12.9,1.07869,1.07546,1702400400,2023.12.12 17:00:00,1.07869,STOP,-12.9,-1.00,1,False,CPI y/y (840030007); Core CPI y/y (840030008); CPI n.s.a. (840030009); Core CPI (840030010); Real Earnings m/m (840030030); CPI n.s.a. m/m (840030033); Core CPI n.s.a. m/m (840030034); CPI (840030035); Core CPI n.s.a. (840030036); ECB Supervisory Board Member McCaul Speech (999010034)
1718206200,2024.06.12 15:30:00,1718208000,2024.06.12 16:00:00,LONG,0.0,0.3,,-0.3,0.2,0.2,0.3,,-0.1,0.2,1.08262,0.00067,6.7,1.08195,1.08363,1718208000,2024.06.12 16:00:00,1.08195,STOP,-6.7,-1.00,1,True,CPI y/y (840030007); Core CPI y/y (840030008); CPI n.s.a. (840030009); Core CPI (840030010); Real Earnings m/m (840030030); CPI n.s.a. m/m (840030033); Core CPI n.s.a. m/m (840030034); CPI (840030035); Core CPI n.s.a. (840030036); Current Account n.s.a. (276010024)
1720711800,2024.07.11 15:30:00,1720713600,2024.07.11 16:00:00,LONG,-0.1,0.0,,-0.1,0.1,0.1,0.2,,-0.1,0.2,1.08864,0.00061,6.1,1.08803,1.08956,1720713600,2024.07.11 16:00:00,1.08803,STOP,-6.1,-1.00,1,True,CPI y/y (840030007); Core CPI y/y (840030008); CPI n.s.a. (840030009); Core CPI (840030010); Real Earnings m/m (840030030); CPI n.s.a. m/m (840030033); Core CPI n.s.a. m/m (840030034); CPI (840030035); Core CPI n.s.a. (840030036); Initial Jobless Claims (840140001); Continuing Jobless Claims (840140002); Initial Jobless Claims 4-Week Average (840140003)
1723649400,2024.08.14 15:30:00,1723651200,2024.08.14 16:00:00,SHORT,0.2,-0.1,,0.3,0.1,0.2,0.1,,0.1,0.2,1.10164,0.00078,7.8,1.10242,1.10047,1723651200,2024.08.14 16:00:00,1.10242,STOP,-7.8,-1.00,1,False,CPI y/y (840030007); Core CPI y/y (840030008); CPI n.s.a. (840030009); Core CPI (840030010); Real Earnings m/m (840030030); CPI n.s.a. m/m (840030033); Core CPI n.s.a. m/m (840030034); CPI (840030035); Core CPI n.s.a. (840030036)
1739377800,2025.02.12 16:30:00,1739379600,2025.02.12 17:00:00,SHORT,0.5,0.4,,0.1,0.4,0.4,0.2,,0.2,0.2,1.03496,0.00124,12.4,1.03620,1.03310,1739379600,2025.02.12 17:00:00,1.03620,STOP,-12.4,-1.00,1,False,CPI y/y (840030007); Core CPI y/y (840030008); CPI n.s.a. (840030009); Core CPI (840030010); Real Earnings m/m (840030030); CPI n.s.a. m/m (840030033); Core CPI n.s.a. m/m (840030034); CPI (840030035); Core CPI n.s.a. (840030036); Current Account n.s.a. (276010024)
1741793400,2025.03.12 15:30:00,1741795200,2025.03.12 16:00:00,LONG,0.2,0.5,,-0.3,0.6,0.2,0.4,,-0.2,0.4,1.08818,0.00151,15.1,1.08667,1.09045,1741795200,2025.03.12 16:00:00,1.09045,TARGET,+22.7,+1.50,1,False,CPI y/y (840030007); Core CPI y/y (840030008); CPI n.s.a. (840030009); Core CPI (840030010); Real Earnings m/m (840030030); CPI n.s.a. m/m (840030033); Core CPI n.s.a. m/m (840030034); CPI (840030035); Core CPI n.s.a. (840030036)
1744299000,2025.04.10 15:30:00,1744300800,2025.04.10 16:00:00,LONG,-0.1,0.2,,-0.3,0.4,0.1,0.2,,-0.1,0.3,1.10972,0.00245,24.5,1.10726,1.11340,1744300800,2025.04.10 16:00:00,1.11340,TARGET,+36.8,+1.50,1,False,CPI y/y (840030007); Core CPI y/y (840030008); CPI n.s.a. (840030009); Core CPI (840030010); Real Earnings m/m (840030030); CPI n.s.a. m/m (840030033); Core CPI n.s.a. m/m (840030034); CPI (840030035); Core CPI n.s.a. (840030036); Initial Jobless Claims (840140001); Continuing Jobless Claims (840140002); Initial Jobless Claims 4-Week Average (840140003); Building Permits m/m (124010001)
1747150200,2025.05.13 15:30:00,1747152000,2025.05.13 16:00:00,SHORT,0.2,-0.1,,0.3,-0.3,0.2,0.1,,0.1,0.1,1.11304,0.00125,12.5,1.11429,1.11116,1747152000,2025.05.13 16:00:00,1.11429,STOP,-12.5,-1.00,1,False,CPI y/y (840030007); Core CPI y/y (840030008); CPI n.s.a. (840030009); Core CPI (840030010); Real Earnings m/m (840030030); CPI n.s.a. m/m (840030033); Core CPI n.s.a. m/m (840030034); CPI (840030035); Core CPI n.s.a. (840030036); Current Account n.s.a. (276010024)
1749655800,2025.06.11 15:30:00,1749657600,2025.06.11 16:00:00,LONG,0.1,0.2,,-0.1,0.6,0.1,0.2,,-0.1,0.1,1.14604,0.00136,13.6,1.14468,1.14807,1749661200,2025.06.11 17:00:00,1.14807,TARGET,+20.3,+1.50,2,False,CPI y/y (840030007); Core CPI y/y (840030008); CPI n.s.a. (840030009); Core CPI (840030010); Real Earnings m/m (840030030); CPI n.s.a. m/m (840030033); Core CPI n.s.a. m/m (840030034); CPI (840030035); Core CPI n.s.a. (840030036); Building Permits m/m (124010001)
1752593400,2025.07.15 15:30:00,1752595200,2025.07.15 16:00:00,SHORT,0.3,0.1,,0.2,-0.3,0.2,0.1,,0.1,0.2,1.16778,0.00103,10.3,1.16881,1.16623,1752595200,2025.07.15 16:00:00,1.16623,TARGET,+15.5,+1.50,1,False,CPI y/y (840030007); Core CPI y/y (840030008); CPI n.s.a. (840030009); Core CPI (840030010); Real Earnings m/m (840030030); CPI n.s.a. m/m (840030033); Core CPI n.s.a. m/m (840030034); CPI (840030035); Core CPI n.s.a. (840030036); NY Fed Empire State Manufacturing Index (840230001); CPI m/m (124010003); CPI y/y (124010004); Core CPI m/m (124010005); Core CPI y/y (124010006); Manufacturing Sales m/m (124010029); Common CPI y/y (124010032); Median CPI y/y (124010033); Trimmed CPI y/y (124010034)
1761319800,2025.10.24 15:30:00,1761321600,2025.10.24 16:00:00,LONG,0.3,0.4,0.4,-0.1,,0.2,0.3,0.3,-0.1,,1.16340,0.00093,9.3,1.16247,1.16479,1761321600,2025.10.24 16:00:00,1.16247,STOP,-9.3,-1.00,1,False,CPI y/y (840030007); Core CPI y/y (840030008); CPI n.s.a. (840030009); Core CPI (840030010); CPI n.s.a. m/m (840030033); Core CPI n.s.a. m/m (840030034); CPI (840030035); Core CPI n.s.a. (840030036); New Housing Price Index m/m (124010030)
1781105400,2026.06.10 15:30:00,1781107200,2026.06.10 16:00:00,LONG,0.5,0.6,,-0.1,0.5,0.2,0.4,,-0.2,0.2,1.15477,0.00091,9.1,1.15386,1.15614,1781107200,2026.06.10 16:00:00,1.15614,TARGET,+13.7,+1.50,1,False,CPI y/y (840030007); Core CPI y/y (840030008); CPI n.s.a. (840030009); Core CPI (840030010); Real Earnings m/m (840030030); CPI n.s.a. m/m (840030033); Core CPI n.s.a. m/m (840030034); CPI (840030035); Core CPI n.s.a. (840030036)
1784043000,2026.07.14 15:30:00,1784044800,2026.07.14 16:00:00,LONG,-0.4,0.5,,-0.9,0.5,0.0,0.2,,-0.2,0.2,1.14452,0.00091,9.1,1.14361,1.14589,1784048400,2026.07.14 17:00:00,1.14589,TARGET,+13.7,+1.50,2,False,CPI y/y (840030007); Core CPI y/y (840030008); CPI n.s.a. (840030009); Core CPI (840030010); Real Earnings m/m (840030030); CPI n.s.a. m/m (840030033); Core CPI n.s.a. m/m (840030034); CPI (840030035); Core CPI n.s.a. (840030036)
1786548600,2026.08.12 15:30:00,1786550400,2026.08.12 16:00:00,SHORT,0.1,-0.4,,0.5,0.2,0.2,0.0,,0.2,0.2,1.15594,0.00058,5.8,1.15652,1.15507,1786550400,2026.08.12 16:00:00,1.15507,TARGET,+8.7,+1.50,1,False,CPI y/y (840030007); Core CPI y/y (840030008); CPI n.s.a. (840030009); Core CPI (840030010); Real Earnings m/m (840030030); CPI n.s.a. m/m (840030033); Core CPI n.s.a. m/m (840030034); CPI (840030035); Core CPI n.s.a. (840030036); Current Account n.s.a. (276010024); Building Permits m/m (124010001)
1789140600,2026.09.11 15:30:00,1789142400,2026.09.11 16:00:00,SHORT,0.4,0.1,,0.3,0.0,0.3,0.2,,0.1,0.2,1.16023,0.00069,6.9,1.16092,1.15919,1789142400,2026.09.11 16:00:00,1.16092,STOP,-6.9,-1.00,1,False,CPI y/y (840030007); Core CPI y/y (840030008); CPI n.s.a. (840030009); Core CPI (840030010); Real Earnings m/m (840030030); CPI n.s.a. m/m (840030033); Core CPI n.s.a. m/m (840030034); CPI (840030035); Core CPI n.s.a. (840030036); Current Account n.s.a. (276010024)
