episode_ts,release_time_server,entry_ts,entry_time_server,direction,head_a,head_f,head_s,core_a,core_f,core_s,entry_price,atr14,risk_pips,sl_price,tp_price,exit_ts,exit_time_server,exit_price,exit_reason,gross_pnl_pips,gross_r_multiple,bars_held,ambiguous_flag,co_releases
1505403000,2017.09.14 15:30:00,1505404800,2017.09.14 16:00:00,SHORT,0.4,0.0,0.4,0.2,0.1,0.1,1.18924,0.00136,13.6,1.19060,1.18720,1505404800,2017.09.14 16:00:00,1.18720,TARGET,+20.4,+1.50,1,False,CPI y/y (840030007); Core CPI y/y (840030008); CPI n.s.a. (840030009); Core CPI (840030010); Real Earnings m/m (840030030); CPI n.s.a. m/m (840030033); Core CPI n.s.a. m/m (840030034); CPI (840030035); Core CPI n.s.a. (840030036); Initial Jobless Claims (840140001); Continuing Jobless Claims (840140002); Initial Jobless Claims 4-Week Average (840140003); New Housing Price Index m/m (124010030)
1520955000,2018.03.13 15:30:00,1520956800,2018.03.13 16:00:00,SHORT,0.2,0.1,0.1,0.2,0.1,0.1,1.23684,0.00144,14.4,1.23828,1.23468,1520956800,2018.03.13 16:00:00,1.23468,TARGET,+21.6,+1.50,1,False,CPI y/y (840030007); Core CPI y/y (840030008); CPI n.s.a. (840030009); Core CPI (840030010); Real Earnings m/m (840030030); CPI n.s.a. m/m (840030033); Core CPI n.s.a. m/m (840030034); CPI (840030035); Core CPI n.s.a. (840030036); Spring Forecast Statement (826100003)
1539271800,2018.10.11 15:30:00,1539273600,2018.10.11 16:00:00,LONG,0.1,0.2,-0.1,0.1,0.2,-0.1,1.15739,0.00153,15.3,1.15586,1.15968,1539277200,2018.10.11 17:00:00,1.15586,STOP,-15.3,-1.00,2,False,CPI y/y (840030007); Core CPI y/y (840030008); CPI n.s.a. (840030009); Core CPI (840030010); Real Earnings m/m (840030030); CPI n.s.a. m/m (840030033); Core CPI n.s.a. m/m (840030034); CPI (840030035); Core CPI n.s.a. (840030036); Initial Jobless Claims (840140001); Continuing Jobless Claims (840140002); Initial Jobless Claims 4-Week Average (840140003); New Housing Price Index m/m (124010030)
1560353400,2019.06.12 15:30:00,1560355200,2019.06.12 16:00:00,LONG,0.1,0.3,-0.2,0.1,0.2,-0.1,1.13193,0.00078,7.8,1.13115,1.13310,1560355200,2019.06.12 16:00:00,1.13115,STOP,-7.8,-1.00,1,False,CPI y/y (840030007); Core CPI y/y (840030008); CPI n.s.a. (840030009); Core CPI (840030010); Real Earnings m/m (840030030); CPI n.s.a. m/m (840030033); Core CPI n.s.a. m/m (840030034); CPI (840030035); Core CPI n.s.a. (840030036)
1565710200,2019.08.13 15:30:00,1565712000,2019.08.13 16:00:00,SHORT,0.3,0.2,0.1,0.3,0.2,0.1,1.12163,0.00107,10.7,1.12270,1.12002,1565712000,2019.08.13 16:00:00,1.12002,TARGET,+16.1,+1.50,1,False,CPI y/y (840030007); Core CPI y/y (840030008); CPI n.s.a. (840030009); Core CPI (840030010); Real Earnings m/m (840030030); CPI n.s.a. m/m (840030033); Core CPI n.s.a. m/m (840030034); CPI (840030035); Core CPI n.s.a. (840030036)
1570721400,2019.10.10 15:30:00,1570723200,2019.10.10 16:00:00,LONG,0.0,0.1,-0.1,0.1,0.2,-0.1,1.10228,0.00104,10.4,1.10124,1.10384,1570726800,2019.10.10 17:00:00,1.10124,STOP,-10.4,-1.00,2,False,CPI y/y (840030007); Core CPI y/y (840030008); CPI n.s.a. (840030009); Core CPI (840030010); Real Earnings m/m (840030030); CPI n.s.a. m/m (840030033); Core CPI n.s.a. m/m (840030034); CPI (840030035); Core CPI n.s.a. (840030036); Initial Jobless Claims (840140001); Continuing Jobless Claims (840140002); Initial Jobless Claims 4-Week Average (840140003); New Housing Price Index m/m (124010030)
1586532600,2020.04.10 15:30:00,1586534400,2020.04.10 16:00:00,LONG,-0.4,0.1,-0.5,-0.1,0.2,-0.3,1.09422,0.00103,10.3,1.09319,1.09576,1586548800,2020.04.10 20:00:00,1.09319,STOP,-10.3,-1.00,5,False,CPI y/y (840030007); Core CPI y/y (840030008); CPI n.s.a. (840030009); Core CPI (840030010); Real Earnings m/m (840030030); CPI n.s.a. m/m (840030033); Core CPI n.s.a. m/m (840030034); CPI (840030035); Core CPI n.s.a. (840030036)
1589297400,2020.05.12 15:30:00,1589299200,2020.05.12 16:00:00,LONG,-0.8,0.0,-0.8,-0.4,0.2,-0.6,1.08589,0.00133,13.3,1.08456,1.08788,1589299200,2020.05.12 16:00:00,1.08788,TARGET,+19.9,+1.50,1,False,CPI y/y (840030007); Core CPI y/y (840030008); CPI n.s.a. (840030009); Core CPI (840030010); Real Earnings m/m (840030030); CPI n.s.a. m/m (840030033); Core CPI n.s.a. m/m (840030034); CPI (840030035); Core CPI n.s.a. (840030036)
1591803000,2020.06.10 15:30:00,1591804800,2020.06.10 16:00:00,SHORT,-0.1,-0.2,0.1,-0.1,-0.2,0.1,1.13797,0.00144,14.4,1.13941,1.13581,1591808400,2020.06.10 17:00:00,1.13581,TARGET,+21.6,+1.50,2,False,CPI y/y (840030007); Core CPI y/y (840030008); CPI n.s.a. (840030009); Core CPI (840030010); Real Earnings m/m (840030030); CPI n.s.a. m/m (840030033); Core CPI n.s.a. m/m (840030034); CPI (840030035); Core CPI n.s.a. (840030036)
1594740600,2020.07.14 15:30:00,1594742400,2020.07.14 16:00:00,SHORT,0.6,-0.2,0.8,0.2,0.1,0.1,1.13715,0.00128,12.8,1.13843,1.13523,1594742400,2020.07.14 16:00:00,1.13843,STOP,-12.8,-1.00,1,False,CPI y/y (840030007); Core CPI y/y (840030008); CPI n.s.a. (840030009); Core CPI (840030010); Real Earnings m/m (840030030); CPI n.s.a. m/m (840030033); Core CPI n.s.a. m/m (840030034); CPI (840030035); Core CPI n.s.a. (840030036)
1597246200,2020.08.12 15:30:00,1597248000,2020.08.12 16:00:00,SHORT,0.6,0.3,0.3,0.6,0.0,0.6,1.17903,0.00162,16.2,1.18064,1.17661,1597251600,2020.08.12 17:00:00,1.18064,STOP,-16.1,-1.00,2,False,CPI y/y (840030007); Core CPI y/y (840030008); CPI n.s.a. (840030009); Core CPI (840030010); Real Earnings m/m (840030030); CPI n.s.a. m/m (840030033); Core CPI n.s.a. m/m (840030034); CPI (840030035); Core CPI n.s.a. (840030036)
1605198600,2020.11.12 16:30:00,1605200400,2020.11.12 17:00:00,LONG,0.0,0.2,-0.2,0.0,0.2,-0.2,1.17965,0.00145,14.5,1.17820,1.18182,1605261600,2020.11.13 10:00:00,1.18182,TARGET,+21.7,+1.50,18,False,CPI y/y (840030007); Core CPI y/y (840030008); CPI n.s.a. (840030009); Core CPI (840030010); Real Earnings m/m (840030030); CPI n.s.a. m/m (840030033); Core CPI n.s.a. m/m (840030034); CPI (840030035); Core CPI n.s.a. (840030036); Initial Jobless Claims (840140001); Continuing Jobless Claims (840140002); Initial Jobless Claims 4-Week Average (840140003)
1607617800,2020.12.10 16:30:00,1607619600,2020.12.10 17:00:00,SHORT,0.2,0.0,0.2,0.2,0.0,0.2,1.21518,0.00142,14.2,1.21660,1.21305,1607619600,2020.12.10 17:00:00,1.21305,TARGET,+21.3,+1.50,1,False,CPI y/y (840030007); Core CPI y/y (840030008); CPI n.s.a. (840030009); Core CPI (840030010); Real Earnings m/m (840030030); CPI n.s.a. m/m (840030033); Core CPI n.s.a. m/m (840030034); CPI (840030035); Core CPI n.s.a. (840030036); Initial Jobless Claims (840140001); Continuing Jobless Claims (840140002); Initial Jobless Claims 4-Week Average (840140003); ECB Monetary Policy Press Conference (999010003)
1620833400,2021.05.12 15:30:00,1620835200,2021.05.12 16:00:00,SHORT,0.8,0.2,0.6,0.9,0.0,0.9,1.21295,0.00105,10.5,1.21400,1.21137,1620835200,2021.05.12 16:00:00,1.21400,STOP,-10.5,-1.00,1,True,CPI y/y (840030007); Core CPI y/y (840030008); CPI n.s.a. (840030009); Core CPI (840030010); Real Earnings m/m (840030030); CPI n.s.a. m/m (840030033); Core CPI n.s.a. m/m (840030034); CPI (840030035); Core CPI n.s.a. (840030036)
1626190200,2021.07.13 15:30:00,1626192000,2021.07.13 16:00:00,SHORT,0.9,0.1,0.8,0.9,0.4,0.5,1.17984,0.00097,9.7,1.18081,1.17839,1626192000,2021.07.13 16:00:00,1.18081,STOP,-9.7,-1.00,1,False,CPI y/y (840030007); Core CPI y/y (840030008); CPI n.s.a. (840030009); Core CPI (840030010); Real Earnings m/m (840030030); CPI n.s.a. m/m (840030033); Core CPI n.s.a. m/m (840030034); CPI (840030035); Core CPI n.s.a. (840030036)
1631633400,2021.09.14 15:30:00,1631635200,2021.09.14 16:00:00,LONG,0.3,0.4,-0.1,0.1,0.3,-0.2,1.18412,0.00085,8.5,1.18327,1.18540,1631635200,2021.09.14 16:00:00,1.18327,STOP,-8.5,-1.00,1,False,CPI y/y (840030007); Core CPI y/y (840030008); CPI n.s.a. (840030009); Core CPI (840030010); Real Earnings m/m (840030030); CPI n.s.a. m/m (840030033); Core CPI n.s.a. m/m (840030034); CPI (840030035); Core CPI n.s.a. (840030036); Manufacturing Sales m/m (124010029)
1636561800,2021.11.10 16:30:00,1636563600,2021.11.10 17:00:00,SHORT,0.9,0.5,0.4,0.6,0.5,0.1,1.15609,0.00129,12.9,1.15738,1.15416,1636563600,2021.11.10 17:00:00,1.15416,TARGET,+19.3,+1.50,1,False,CPI y/y (840030007); Core CPI y/y (840030008); CPI n.s.a. (840030009); Core CPI (840030010); Real Earnings m/m (840030030); CPI n.s.a. m/m (840030033); Core CPI n.s.a. m/m (840030034); CPI (840030035); Core CPI n.s.a. (840030036); Initial Jobless Claims (840140001); Continuing Jobless Claims (840140002); Initial Jobless Claims 4-Week Average (840140003)
1642005000,2022.01.12 16:30:00,1642006800,2022.01.12 17:00:00,LONG,0.5,0.7,-0.2,0.6,0.9,-0.3,1.14157,0.00118,11.8,1.14039,1.14335,1642014000,2022.01.12 19:00:00,1.14335,TARGET,+17.8,+1.50,3,False,CPI y/y (840030007); Core CPI y/y (840030008); CPI n.s.a. (840030009); Core CPI (840030010); Real Earnings m/m (840030030); CPI n.s.a. m/m (840030033); Core CPI n.s.a. m/m (840030034); CPI (840030035); Core CPI n.s.a. (840030036)
1644510600,2022.02.10 16:30:00,1644512400,2022.02.10 17:00:00,SHORT,0.6,0.3,0.3,0.6,0.4,0.2,1.14070,0.00124,12.4,1.14194,1.13884,1644512400,2022.02.10 17:00:00,1.14194,STOP,-12.4,-1.00,1,False,CPI y/y (840030007); Core CPI y/y (840030008); CPI n.s.a. (840030009); Core CPI (840030010); Real Earnings m/m (840030030); CPI n.s.a. m/m (840030033); Core CPI n.s.a. m/m (840030034); CPI (840030035); Core CPI n.s.a. (840030036); Initial Jobless Claims (840140001); Continuing Jobless Claims (840140002); Initial Jobless Claims 4-Week Average (840140003)
1654875000,2022.06.10 15:30:00,1654876800,2022.06.10 16:00:00,SHORT,1.0,0.7,0.3,0.6,0.5,0.1,1.05225,0.00146,14.6,1.05371,1.05005,1654876800,2022.06.10 16:00:00,1.05371,STOP,-14.6,-1.00,1,False,CPI y/y (840030007); Core CPI y/y (840030008); CPI n.s.a. (840030009); Core CPI (840030010); Real Earnings m/m (840030030); CPI n.s.a. m/m (840030033); Core CPI n.s.a. m/m (840030034); CPI (840030035); Core CPI n.s.a. (840030036); Capacity Utilization Rate (124010002); Employment Change (124010011); Full-Time Employment Change (124010012); Part-Time Employment Change (124010013); Unemployment Rate (124010014); Participation Rate (124010015)
1657726200,2022.07.13 15:30:00,1657728000,2022.07.13 16:00:00,SHORT,1.3,0.8,0.5,0.7,0.5,0.2,1.00199,0.00183,18.3,1.00382,0.99924,1657728000,2022.07.13 16:00:00,1.00382,STOP,-18.3,-1.00,1,False,CPI y/y (840030007); Core CPI y/y (840030008); CPI n.s.a. (840030009); Core CPI (840030010); Real Earnings m/m (840030030); CPI n.s.a. m/m (840030033); Core CPI n.s.a. m/m (840030034); CPI (840030035); Core CPI n.s.a. (840030036)
1660145400,2022.08.10 15:30:00,1660147200,2022.08.10 16:00:00,LONG,0.0,0.9,-0.9,0.3,0.6,-0.3,1.03240,0.00116,11.6,1.03124,1.03414,1660147200,2022.08.10 16:00:00,1.03124,STOP,-11.6,-1.00,1,False,CPI y/y (840030007); Core CPI y/y (840030008); CPI n.s.a. (840030009); Core CPI (840030010); Real Earnings m/m (840030030); CPI n.s.a. m/m (840030033); Core CPI n.s.a. m/m (840030034); CPI (840030035); Core CPI n.s.a. (840030036)
1668097800,2022.11.10 16:30:00,1668099600,2022.11.10 17:00:00,LONG,0.4,0.6,-0.2,0.3,0.6,-0.3,1.01636,0.00329,32.9,1.01307,1.02130,1668106800,2022.11.10 19:00:00,1.01307,STOP,-32.9,-1.00,3,False,CPI y/y (840030007); Core CPI y/y (840030008); CPI n.s.a. (840030009); Core CPI (840030010); Real Earnings m/m (840030030); CPI n.s.a. m/m (840030033); Core CPI n.s.a. m/m (840030034); CPI (840030035); Core CPI n.s.a. (840030036); Initial Jobless Claims (840140001); Continuing Jobless Claims (840140002); Initial Jobless Claims 4-Week Average (840140003)
1670949000,2022.12.13 16:30:00,1670950800,2022.12.13 17:00:00,LONG,0.1,0.5,-0.4,0.2,0.6,-0.4,1.06448,0.00221,22.1,1.06227,1.06780,1670950800,2022.12.13 17:00:00,1.06227,STOP,-22.1,-1.00,1,False,CPI y/y (840030007); Core CPI y/y (840030008); CPI n.s.a. (840030009); Core CPI (840030010); Real Earnings m/m (840030030); CPI n.s.a. m/m (840030033); Core CPI n.s.a. m/m (840030034); CPI (840030035); Core CPI n.s.a. (840030036)
1673541000,2023.01.12 16:30:00,1673542800,2023.01.12 17:00:00,LONG,-0.1,0.4,-0.5,0.3,0.5,-0.2,1.07673,0.00196,19.6,1.07476,1.07968,1673542800,2023.01.12 17:00:00,1.07968,TARGET,+29.5,+1.50,1,False,CPI y/y (840030007); Core CPI y/y (840030008); CPI n.s.a. (840030009); Core CPI (840030010); Real Earnings m/m (840030030); CPI n.s.a. m/m (840030033); Core CPI n.s.a. m/m (840030034); CPI (840030035); Core CPI n.s.a. (840030036); Initial Jobless Claims (840140001); Continuing Jobless Claims (840140002); Initial Jobless Claims 4-Week Average (840140003)
1681313400,2023.04.12 15:30:00,1681315200,2023.04.12 16:00:00,LONG,0.1,0.2,-0.1,0.4,0.5,-0.1,1.09635,0.00103,10.3,1.09532,1.09790,1681315200,2023.04.12 16:00:00,1.09790,TARGET,+15.5,+1.50,1,False,CPI y/y (840030007); Core CPI y/y (840030008); CPI n.s.a. (840030009); Core CPI (840030010); Real Earnings m/m (840030030); CPI n.s.a. m/m (840030033); Core CPI n.s.a. m/m (840030034); CPI (840030035); Core CPI n.s.a. (840030036); ECB Vice President de Guindos Speech (999010014)
1699979400,2023.11.14 16:30:00,1699981200,2023.11.14 17:00:00,LONG,0.0,0.2,-0.2,0.2,0.3,-0.1,1.08329,0.00145,14.5,1.08184,1.08547,1699984800,2023.11.14 18:00:00,1.08547,TARGET,+21.8,+1.50,2,False,CPI y/y (840030007); Core CPI y/y (840030008); CPI n.s.a. (840030009); Core CPI (840030010); Real Earnings m/m (840030030); CPI n.s.a. m/m (840030033); Core CPI n.s.a. m/m (840030034); CPI (840030035); Core CPI n.s.a. (840030036)
1710257400,2024.03.12 15:30:00,1710259200,2024.03.12 16:00:00,SHORT,0.4,0.2,0.2,0.4,0.3,0.1,1.09104,0.00087,8.7,1.09191,1.08974,1710259200,2024.03.12 16:00:00,1.09191,STOP,-8.7,-1.00,1,False,CPI y/y (840030007); Core CPI y/y (840030008); CPI n.s.a. (840030009); Core CPI (840030010); Real Earnings m/m (840030030); CPI n.s.a. m/m (840030033); Core CPI n.s.a. m/m (840030034); CPI (840030035); Core CPI n.s.a. (840030036)
1712763000,2024.04.10 15:30:00,1712764800,2024.04.10 16:00:00,SHORT,0.4,0.2,0.2,0.4,0.3,0.1,1.07805,0.00056,5.6,1.07861,1.07722,1712764800,2024.04.10 16:00:00,1.07722,TARGET,+8.3,+1.50,1,False,CPI y/y (840030007); Core CPI y/y (840030008); CPI n.s.a. (840030009); Core CPI (840030010); Real Earnings m/m (840030030); CPI n.s.a. m/m (840030033); Core CPI n.s.a. m/m (840030034); CPI (840030035); Core CPI n.s.a. (840030036); Building Permits m/m (124010001)
1720711800,2024.07.11 15:30:00,1720713600,2024.07.11 16:00:00,LONG,-0.1,0.1,-0.2,0.1,0.2,-0.1,1.08864,0.00061,6.1,1.08803,1.08956,1720713600,2024.07.11 16:00:00,1.08803,STOP,-6.1,-1.00,1,True,CPI y/y (840030007); Core CPI y/y (840030008); CPI n.s.a. (840030009); Core CPI (840030010); Real Earnings m/m (840030030); CPI n.s.a. m/m (840030033); Core CPI n.s.a. m/m (840030034); CPI (840030035); Core CPI n.s.a. (840030036); Initial Jobless Claims (840140001); Continuing Jobless Claims (840140002); Initial Jobless Claims 4-Week Average (840140003)
1739377800,2025.02.12 16:30:00,1739379600,2025.02.12 17:00:00,SHORT,0.5,0.4,0.1,0.4,0.2,0.2,1.03496,0.00124,12.4,1.03620,1.03310,1739379600,2025.02.12 17:00:00,1.03620,STOP,-12.4,-1.00,1,False,CPI y/y (840030007); Core CPI y/y (840030008); CPI n.s.a. (840030009); Core CPI (840030010); Real Earnings m/m (840030030); CPI n.s.a. m/m (840030033); Core CPI n.s.a. m/m (840030034); CPI (840030035); Core CPI n.s.a. (840030036); Current Account n.s.a. (276010024)
1741793400,2025.03.12 15:30:00,1741795200,2025.03.12 16:00:00,LONG,0.2,0.6,-0.4,0.2,0.4,-0.2,1.08818,0.00151,15.1,1.08667,1.09045,1741795200,2025.03.12 16:00:00,1.09045,TARGET,+22.7,+1.50,1,False,CPI y/y (840030007); Core CPI y/y (840030008); CPI n.s.a. (840030009); Core CPI (840030010); Real Earnings m/m (840030030); CPI n.s.a. m/m (840030033); Core CPI n.s.a. m/m (840030034); CPI (840030035); Core CPI n.s.a. (840030036)
1744299000,2025.04.10 15:30:00,1744300800,2025.04.10 16:00:00,LONG,-0.1,0.4,-0.5,0.1,0.3,-0.2,1.10972,0.00245,24.5,1.10726,1.11340,1744300800,2025.04.10 16:00:00,1.11340,TARGET,+36.8,+1.50,1,False,CPI y/y (840030007); Core CPI y/y (840030008); CPI n.s.a. (840030009); Core CPI (840030010); Real Earnings m/m (840030030); CPI n.s.a. m/m (840030033); Core CPI n.s.a. m/m (840030034); CPI (840030035); Core CPI n.s.a. (840030036); Initial Jobless Claims (840140001); Continuing Jobless Claims (840140002); Initial Jobless Claims 4-Week Average (840140003); Building Permits m/m (124010001)
1747150200,2025.05.13 15:30:00,1747152000,2025.05.13 16:00:00,SHORT,0.2,-0.3,0.5,0.2,0.1,0.1,1.11304,0.00125,12.5,1.11429,1.11116,1747152000,2025.05.13 16:00:00,1.11429,STOP,-12.5,-1.00,1,False,CPI y/y (840030007); Core CPI y/y (840030008); CPI n.s.a. (840030009); Core CPI (840030010); Real Earnings m/m (840030030); CPI n.s.a. m/m (840030033); Core CPI n.s.a. m/m (840030034); CPI (840030035); Core CPI n.s.a. (840030036); Current Account n.s.a. (276010024)
1784043000,2026.07.14 15:30:00,1784044800,2026.07.14 16:00:00,LONG,-0.4,0.5,-0.9,0.0,0.2,-0.2,1.14452,0.00091,9.1,1.14361,1.14589,1784048400,2026.07.14 17:00:00,1.14589,TARGET,+13.7,+1.50,2,False,CPI y/y (840030007); Core CPI y/y (840030008); CPI n.s.a. (840030009); Core CPI (840030010); Real Earnings m/m (840030030); CPI n.s.a. m/m (840030033); Core CPI n.s.a. m/m (840030034); CPI (840030035); Core CPI n.s.a. (840030036)
1789140600,2026.09.11 15:30:00,1789142400,2026.09.11 16:00:00,SHORT,0.4,0.0,0.4,0.3,0.2,0.1,1.16023,0.00069,6.9,1.16092,1.15919,1789142400,2026.09.11 16:00:00,1.16092,STOP,-6.9,-1.00,1,False,CPI y/y (840030007); Core CPI y/y (840030008); CPI n.s.a. (840030009); Core CPI (840030010); Real Earnings m/m (840030030); CPI n.s.a. m/m (840030033); Core CPI n.s.a. m/m (840030034); CPI (840030035); Core CPI n.s.a. (840030036); Current Account n.s.a. (276010024)
